"filename", "language", "TypeScript", "JSON", "SCSS", "HTML", "JavaScript", "Markdown", "XML", "Ignore", "comment", "blank", "total"
"/Users/adamspice/projects/spiceydev/.eslintrc-custom-overrides.json", "JSON", 0, 11, 0, 0, 0, 0, 0, 0, 0, 1, 12
"/Users/adamspice/projects/spiceydev/.eslintrc.json", "JSON", 0, 3, 0, 0, 0, 0, 0, 0, 41, 0, 44
"/Users/adamspice/projects/spiceydev/.prettierignore", "Ignore", 0, 0, 0, 0, 0, 0, 0, 2, 1, 2, 5
"/Users/adamspice/projects/spiceydev/.prettierrc", "JSON", 0, 8, 0, 0, 0, 0, 0, 0, 0, 1, 9
"/Users/adamspice/projects/spiceydev/README.md", "Markdown", 0, 0, 0, 0, 0, 55, 0, 0, 0, 51, 106
"/Users/adamspice/projects/spiceydev/angular.json", "JSON", 0, 413, 0, 0, 0, 0, 0, 0, 0, 1, 414
"/Users/adamspice/projects/spiceydev/apps/admin-e2e/.eslintrc.json", "JSON", 0, 3, 0, 0, 0, 0, 0, 0, 18, 0, 21
"/Users/adamspice/projects/spiceydev/apps/admin-e2e/cypress.json", "JSON", 0, 12, 0, 0, 0, 0, 0, 0, 0, 1, 13
"/Users/adamspice/projects/spiceydev/apps/admin-e2e/src/fixtures/example.json", "JSON", 0, 4, 0, 0, 0, 0, 0, 0, 0, 1, 5
"/Users/adamspice/projects/spiceydev/apps/admin-e2e/src/integration/app.spec.ts", "TypeScript", 8, 0, 0, 0, 0, 0, 0, 0, 2, 4, 14
"/Users/adamspice/projects/spiceydev/apps/admin-e2e/src/plugins/index.js", "JavaScript", 0, 0, 0, 0, 4, 0, 0, 0, 14, 5, 23
"/Users/adamspice/projects/spiceydev/apps/admin-e2e/src/support/app.po.ts", "TypeScript", 1, 0, 0, 0, 0, 0, 0, 0, 0, 1, 2
"/Users/adamspice/projects/spiceydev/apps/admin-e2e/src/support/commands.ts", "TypeScript", 8, 0, 0, 0, 0, 0, 0, 0, 24, 2, 34
"/Users/adamspice/projects/spiceydev/apps/admin-e2e/src/support/index.ts", "TypeScript", 1, 0, 0, 0, 0, 0, 0, 0, 15, 2, 18
"/Users/adamspice/projects/spiceydev/apps/admin-e2e/tsconfig.e2e.json", "JSON", 0, 10, 0, 0, 0, 0, 0, 0, 0, 1, 11
"/Users/adamspice/projects/spiceydev/apps/admin-e2e/tsconfig.json", "JSON", 0, 10, 0, 0, 0, 0, 0, 0, 0, 1, 11
"/Users/adamspice/projects/spiceydev/apps/admin/.eslintrc.json", "JSON", 0, 3, 0, 0, 0, 0, 0, 0, 37, 0, 40
"/Users/adamspice/projects/spiceydev/apps/admin/jest.config.js", "JavaScript", 0, 0, 0, 0, 23, 0, 0, 0, 0, 1, 24
"/Users/adamspice/projects/spiceydev/apps/admin/src/app/app-routing.module.ts", "TypeScript", 77, 0, 0, 0, 0, 0, 0, 0, 0, 3, 80
"/Users/adamspice/projects/spiceydev/apps/admin/src/app/app.component.html", "HTML", 0, 0, 0, 1, 0, 0, 0, 0, 0, 1, 2
"/Users/adamspice/projects/spiceydev/apps/admin/src/app/app.component.spec.ts", "TypeScript", 29, 0, 0, 0, 0, 0, 0, 0, 0, 5, 34
"/Users/adamspice/projects/spiceydev/apps/admin/src/app/app.component.ts", "TypeScript", 8, 0, 0, 0, 0, 0, 0, 0, 0, 2, 10
"/Users/adamspice/projects/spiceydev/apps/admin/src/app/app.module.ts", "TypeScript", 96, 0, 0, 0, 0, 0, 0, 0, 0, 4, 100
"/Users/adamspice/projects/spiceydev/apps/admin/src/app/pages/categories/categories-form/categories-form.component.html", "HTML", 0, 0, 0, 40, 0, 0, 0, 0, 0, 1, 41
"/Users/adamspice/projects/spiceydev/apps/admin/src/app/pages/categories/categories-form/categories-form.component.ts", "TypeScript", 130, 0, 0, 0, 0, 0, 0, 0, 0, 12, 142
"/Users/adamspice/projects/spiceydev/apps/admin/src/app/pages/categories/categories-list/categories-list.component.html", "HTML", 0, 0, 0, 46, 0, 0, 0, 0, 0, 1, 47
"/Users/adamspice/projects/spiceydev/apps/admin/src/app/pages/categories/categories-list/categories-list.component.ts", "TypeScript", 68, 0, 0, 0, 0, 0, 0, 0, 0, 6, 74
"/Users/adamspice/projects/spiceydev/apps/admin/src/app/pages/dashboard/dashboard.component.html", "HTML", 0, 0, 0, 50, 0, 0, 0, 0, 0, 1, 51
"/Users/adamspice/projects/spiceydev/apps/admin/src/app/pages/dashboard/dashboard.component.ts", "TypeScript", 35, 0, 0, 0, 0, 0, 0, 0, 0, 5, 40
"/Users/adamspice/projects/spiceydev/apps/admin/src/app/pages/orders/orders-detail/orders-detail.component.html", "HTML", 0, 0, 0, 75, 0, 0, 0, 0, 0, 7, 82
"/Users/adamspice/projects/spiceydev/apps/admin/src/app/pages/orders/orders-detail/orders-detail.component.ts", "TypeScript", 72, 0, 0, 0, 0, 0, 0, 0, 0, 8, 80
"/Users/adamspice/projects/spiceydev/apps/admin/src/app/pages/orders/orders-list/orders-list.component.html", "HTML", 0, 0, 0, 43, 0, 0, 0, 0, 0, 1, 44
"/Users/adamspice/projects/spiceydev/apps/admin/src/app/pages/orders/orders-list/orders-list.component.ts", "TypeScript", 69, 0, 0, 0, 0, 0, 0, 0, 0, 7, 76
"/Users/adamspice/projects/spiceydev/apps/admin/src/app/pages/products/products-form/products-form.component.html", "HTML", 0, 0, 0, 85, 0, 0, 0, 0, 0, 3, 88
"/Users/adamspice/projects/spiceydev/apps/admin/src/app/pages/products/products-form/products-form.component.ts", "TypeScript", 183, 0, 0, 0, 0, 0, 0, 0, 0, 13, 196
"/Users/adamspice/projects/spiceydev/apps/admin/src/app/pages/products/products-list/products-list.component.html", "HTML", 0, 0, 0, 60, 0, 0, 0, 0, 0, 1, 61
"/Users/adamspice/projects/spiceydev/apps/admin/src/app/pages/products/products-list/products-list.component.ts", "TypeScript", 68, 0, 0, 0, 0, 0, 0, 0, 0, 8, 76
"/Users/adamspice/projects/spiceydev/apps/admin/src/app/pages/users/users-form/users-form.component.html", "HTML", 0, 0, 0, 75, 0, 0, 0, 0, 0, 2, 77
"/Users/adamspice/projects/spiceydev/apps/admin/src/app/pages/users/users-form/users-form.component.ts", "TypeScript", 145, 0, 0, 0, 0, 0, 0, 0, 0, 13, 158
"/Users/adamspice/projects/spiceydev/apps/admin/src/app/pages/users/users-list/users-list.component.html", "HTML", 0, 0, 0, 48, 0, 0, 0, 0, 0, 1, 49
"/Users/adamspice/projects/spiceydev/apps/admin/src/app/pages/users/users-list/users-list.component.ts", "TypeScript", 71, 0, 0, 0, 0, 0, 0, 0, 0, 9, 80
"/Users/adamspice/projects/spiceydev/apps/admin/src/app/shared/shell/shell.component.html", "HTML", 0, 0, 0, 6, 0, 0, 0, 0, 0, 1, 7
"/Users/adamspice/projects/spiceydev/apps/admin/src/app/shared/shell/shell.component.ts", "TypeScript", 8, 0, 0, 0, 0, 0, 0, 0, 0, 2, 10
"/Users/adamspice/projects/spiceydev/apps/admin/src/app/shared/sidebar/sidebar.component.html", "HTML", 0, 0, 0, 27, 0, 0, 0, 0, 0, 1, 28
"/Users/adamspice/projects/spiceydev/apps/admin/src/app/shared/sidebar/sidebar.component.ts", "TypeScript", 12, 0, 0, 0, 0, 0, 0, 0, 0, 3, 15
"/Users/adamspice/projects/spiceydev/apps/admin/src/index.html", "HTML", 0, 0, 0, 13, 0, 0, 0, 0, 0, 1, 14
"/Users/adamspice/projects/spiceydev/apps/admin/src/main.ts", "TypeScript", 10, 0, 0, 0, 0, 0, 0, 0, 0, 4, 14
"/Users/adamspice/projects/spiceydev/apps/admin/src/polyfills.ts", "TypeScript", 1, 0, 0, 0, 0, 0, 0, 0, 55, 7, 63
"/Users/adamspice/projects/spiceydev/apps/admin/src/styles.scss", "SCSS", 0, 0, 1, 0, 0, 0, 0, 0, 0, 1, 2
"/Users/adamspice/projects/spiceydev/apps/admin/src/test-setup.ts", "TypeScript", 1, 0, 0, 0, 0, 0, 0, 0, 0, 1, 2
"/Users/adamspice/projects/spiceydev/apps/admin/tsconfig.app.json", "JSON", 0, 8, 0, 0, 0, 0, 0, 0, 0, 1, 9
"/Users/adamspice/projects/spiceydev/apps/admin/tsconfig.editor.json", "JSON", 0, 3, 0, 0, 0, 0, 0, 0, 5, 0, 8
"/Users/adamspice/projects/spiceydev/apps/admin/tsconfig.json", "JSON", 0, 16, 0, 0, 0, 0, 0, 0, 0, 1, 17
"/Users/adamspice/projects/spiceydev/apps/admin/tsconfig.spec.json", "JSON", 0, 10, 0, 0, 0, 0, 0, 0, 0, 1, 11
"/Users/adamspice/projects/spiceydev/apps/ngshop-e2e/.eslintrc.json", "JSON", 0, 3, 0, 0, 0, 0, 0, 0, 18, 0, 21
"/Users/adamspice/projects/spiceydev/apps/ngshop-e2e/cypress.json", "JSON", 0, 12, 0, 0, 0, 0, 0, 0, 0, 1, 13
"/Users/adamspice/projects/spiceydev/apps/ngshop-e2e/src/fixtures/example.json", "JSON", 0, 4, 0, 0, 0, 0, 0, 0, 0, 1, 5
"/Users/adamspice/projects/spiceydev/apps/ngshop-e2e/src/integration/app.spec.ts", "TypeScript", 8, 0, 0, 0, 0, 0, 0, 0, 2, 4, 14
"/Users/adamspice/projects/spiceydev/apps/ngshop-e2e/src/plugins/index.js", "JavaScript", 0, 0, 0, 0, 4, 0, 0, 0, 14, 5, 23
"/Users/adamspice/projects/spiceydev/apps/ngshop-e2e/src/support/app.po.ts", "TypeScript", 1, 0, 0, 0, 0, 0, 0, 0, 0, 1, 2
"/Users/adamspice/projects/spiceydev/apps/ngshop-e2e/src/support/commands.ts", "TypeScript", 8, 0, 0, 0, 0, 0, 0, 0, 24, 2, 34
"/Users/adamspice/projects/spiceydev/apps/ngshop-e2e/src/support/index.ts", "TypeScript", 1, 0, 0, 0, 0, 0, 0, 0, 15, 2, 18
"/Users/adamspice/projects/spiceydev/apps/ngshop-e2e/tsconfig.e2e.json", "JSON", 0, 10, 0, 0, 0, 0, 0, 0, 0, 1, 11
"/Users/adamspice/projects/spiceydev/apps/ngshop-e2e/tsconfig.json", "JSON", 0, 10, 0, 0, 0, 0, 0, 0, 0, 1, 11
"/Users/adamspice/projects/spiceydev/apps/ngshop/.eslintrc.json", "JSON", 0, 3, 0, 0, 0, 0, 0, 0, 37, 0, 40
"/Users/adamspice/projects/spiceydev/apps/ngshop/jest.config.js", "JavaScript", 0, 0, 0, 0, 23, 0, 0, 0, 0, 1, 24
"/Users/adamspice/projects/spiceydev/apps/ngshop/src/app/app.component.html", "HTML", 0, 0, 0, 6, 0, 0, 0, 0, 0, 1, 7
"/Users/adamspice/projects/spiceydev/apps/ngshop/src/app/app.component.spec.ts", "TypeScript", 27, 0, 0, 0, 0, 0, 0, 0, 0, 5, 32
"/Users/adamspice/projects/spiceydev/apps/ngshop/src/app/app.component.ts", "TypeScript", 13, 0, 0, 0, 0, 0, 0, 0, 0, 3, 16
"/Users/adamspice/projects/spiceydev/apps/ngshop/src/app/app.module.ts", "TypeScript", 54, 0, 0, 0, 0, 0, 0, 0, 0, 3, 57
"/Users/adamspice/projects/spiceydev/apps/ngshop/src/app/pages/home-page/home-page.component.html", "HTML", 0, 0, 0, 3, 0, 0, 0, 0, 0, 1, 4
"/Users/adamspice/projects/spiceydev/apps/ngshop/src/app/pages/home-page/home-page.component.spec.ts", "TypeScript", 20, 0, 0, 0, 0, 0, 0, 0, 0, 6, 26
"/Users/adamspice/projects/spiceydev/apps/ngshop/src/app/pages/home-page/home-page.component.ts", "TypeScript", 6, 0, 0, 0, 0, 0, 0, 0, 0, 2, 8
"/Users/adamspice/projects/spiceydev/apps/ngshop/src/app/shared/footer/footer.component.html", "HTML", 0, 0, 0, 18, 0, 0, 0, 0, 0, 1, 19
"/Users/adamspice/projects/spiceydev/apps/ngshop/src/app/shared/footer/footer.component.ts", "TypeScript", 6, 0, 0, 0, 0, 0, 0, 0, 0, 2, 8
"/Users/adamspice/projects/spiceydev/apps/ngshop/src/app/shared/header/header.component.html", "HTML", 0, 0, 0, 19, 0, 0, 0, 0, 0, 1, 20
"/Users/adamspice/projects/spiceydev/apps/ngshop/src/app/shared/header/header.component.spec.ts", "TypeScript", 20, 0, 0, 0, 0, 0, 0, 0, 0, 6, 26
"/Users/adamspice/projects/spiceydev/apps/ngshop/src/app/shared/header/header.component.ts", "TypeScript", 6, 0, 0, 0, 0, 0, 0, 0, 0, 2, 8
"/Users/adamspice/projects/spiceydev/apps/ngshop/src/app/shared/messages/messages.component.html", "HTML", 0, 0, 0, 1, 0, 0, 0, 0, 0, 1, 2
"/Users/adamspice/projects/spiceydev/apps/ngshop/src/app/shared/messages/messages.component.ts", "TypeScript", 23, 0, 0, 0, 0, 0, 0, 0, 0, 3, 26
"/Users/adamspice/projects/spiceydev/apps/ngshop/src/app/shared/nav/nav.component.html", "HTML", 0, 0, 0, 5, 0, 0, 0, 0, 0, 1, 6
"/Users/adamspice/projects/spiceydev/apps/ngshop/src/app/shared/nav/nav.component.ts", "TypeScript", 12, 0, 0, 0, 0, 0, 0, 0, 0, 5, 17
"/Users/adamspice/projects/spiceydev/apps/ngshop/src/assets/images/banner-image.svg", "XML", 0, 0, 0, 0, 0, 0, 170, 0, 0, 1, 171
"/Users/adamspice/projects/spiceydev/apps/ngshop/src/environments/environment.prod.ts", "TypeScript", 3, 0, 0, 0, 0, 0, 0, 0, 0, 1, 4
"/Users/adamspice/projects/spiceydev/apps/ngshop/src/environments/environment.ts", "TypeScript", 3, 0, 0, 0, 0, 0, 0, 0, 11, 3, 17
"/Users/adamspice/projects/spiceydev/apps/ngshop/src/index.html", "HTML", 0, 0, 0, 13, 0, 0, 0, 0, 0, 1, 14
"/Users/adamspice/projects/spiceydev/apps/ngshop/src/main.ts", "TypeScript", 10, 0, 0, 0, 0, 0, 0, 0, 0, 4, 14
"/Users/adamspice/projects/spiceydev/apps/ngshop/src/polyfills.ts", "TypeScript", 1, 0, 0, 0, 0, 0, 0, 0, 55, 7, 63
"/Users/adamspice/projects/spiceydev/apps/ngshop/src/styles.scss", "SCSS", 0, 0, 1, 0, 0, 0, 0, 0, 1, 1, 3
"/Users/adamspice/projects/spiceydev/apps/ngshop/src/test-setup.ts", "TypeScript", 1, 0, 0, 0, 0, 0, 0, 0, 0, 1, 2
"/Users/adamspice/projects/spiceydev/apps/ngshop/tsconfig.app.json", "JSON", 0, 8, 0, 0, 0, 0, 0, 0, 0, 1, 9
"/Users/adamspice/projects/spiceydev/apps/ngshop/tsconfig.editor.json", "JSON", 0, 3, 0, 0, 0, 0, 0, 0, 5, 0, 8
"/Users/adamspice/projects/spiceydev/apps/ngshop/tsconfig.json", "JSON", 0, 16, 0, 0, 0, 0, 0, 0, 0, 1, 17
"/Users/adamspice/projects/spiceydev/apps/ngshop/tsconfig.spec.json", "JSON", 0, 10, 0, 0, 0, 0, 0, 0, 0, 1, 11
"/Users/adamspice/projects/spiceydev/decorate-angular-cli.js", "JavaScript", 0, 0, 0, 0, 35, 0, 0, 0, 31, 4, 70
"/Users/adamspice/projects/spiceydev/environments/environment.prod.ts", "TypeScript", 4, 0, 0, 0, 0, 0, 0, 0, 0, 1, 5
"/Users/adamspice/projects/spiceydev/environments/environment.ts", "TypeScript", 6, 0, 0, 0, 0, 0, 0, 0, 11, 3, 20
"/Users/adamspice/projects/spiceydev/jest.config.js", "JavaScript", 0, 0, 0, 0, 4, 0, 0, 0, 0, 2, 6
"/Users/adamspice/projects/spiceydev/jest.preset.js", "JavaScript", 0, 0, 0, 0, 2, 0, 0, 0, 0, 2, 4
"/Users/adamspice/projects/spiceydev/libs/orders/.eslintrc.json", "JSON", 0, 3, 0, 0, 0, 0, 0, 0, 37, 0, 40
"/Users/adamspice/projects/spiceydev/libs/orders/README.md", "Markdown", 0, 0, 0, 0, 0, 4, 0, 0, 0, 4, 8
"/Users/adamspice/projects/spiceydev/libs/orders/jest.config.js", "JavaScript", 0, 0, 0, 0, 23, 0, 0, 0, 0, 1, 24
"/Users/adamspice/projects/spiceydev/libs/orders/src/index.ts", "TypeScript", 7, 0, 0, 0, 0, 0, 0, 0, 0, 1, 8
"/Users/adamspice/projects/spiceydev/libs/orders/src/lib/components/cart-icon/cart-icon.component.html", "HTML", 0, 0, 0, 2, 0, 0, 0, 0, 0, 1, 3
"/Users/adamspice/projects/spiceydev/libs/orders/src/lib/components/cart-icon/cart-icon.component.ts", "TypeScript", 16, 0, 0, 0, 0, 0, 0, 0, 0, 3, 19
"/Users/adamspice/projects/spiceydev/libs/orders/src/lib/components/order-summary/order-summary.component.html", "HTML", 0, 0, 0, 20, 0, 0, 0, 0, 0, 1, 21
"/Users/adamspice/projects/spiceydev/libs/orders/src/lib/components/order-summary/order-summary.component.ts", "TypeScript", 61, 0, 0, 0, 0, 0, 0, 0, 0, 6, 67
"/Users/adamspice/projects/spiceydev/libs/orders/src/lib/models/cart.ts", "TypeScript", 12, 0, 0, 0, 0, 0, 0, 0, 0, 3, 15
"/Users/adamspice/projects/spiceydev/libs/orders/src/lib/models/order-item.ts", "TypeScript", 5, 0, 0, 0, 0, 0, 0, 0, 0, 1, 6
"/Users/adamspice/projects/spiceydev/libs/orders/src/lib/models/order.ts", "TypeScript", 15, 0, 0, 0, 0, 0, 0, 0, 0, 2, 17
"/Users/adamspice/projects/spiceydev/libs/orders/src/lib/order.constants.ts", "TypeScript", 22, 0, 0, 0, 0, 0, 0, 0, 0, 1, 23
"/Users/adamspice/projects/spiceydev/libs/orders/src/lib/orders.module.ts", "TypeScript", 60, 0, 0, 0, 0, 0, 0, 0, 0, 1, 61
"/Users/adamspice/projects/spiceydev/libs/orders/src/lib/pages/cart-page/cart-page.component.html", "HTML", 0, 0, 0, 58, 0, 0, 0, 0, 0, 1, 59
"/Users/adamspice/projects/spiceydev/libs/orders/src/lib/pages/cart-page/cart-page.component.ts", "TypeScript", 62, 0, 0, 0, 0, 0, 0, 0, 0, 7, 69
"/Users/adamspice/projects/spiceydev/libs/orders/src/lib/pages/checkout-page/checkout-page.component.html", "HTML", 0, 0, 0, 64, 0, 0, 0, 0, 0, 1, 65
"/Users/adamspice/projects/spiceydev/libs/orders/src/lib/pages/checkout-page/checkout-page.component.ts", "TypeScript", 117, 0, 0, 0, 0, 0, 0, 0, 0, 14, 131
"/Users/adamspice/projects/spiceydev/libs/orders/src/lib/pages/thank-you/thank-you.component.html", "HTML", 0, 0, 0, 7, 0, 0, 0, 0, 0, 1, 8
"/Users/adamspice/projects/spiceydev/libs/orders/src/lib/pages/thank-you/thank-you.component.ts", "TypeScript", 22, 0, 0, 0, 0, 0, 0, 0, 0, 3, 25
"/Users/adamspice/projects/spiceydev/libs/orders/src/lib/services/cart.service.ts", "TypeScript", 68, 0, 0, 0, 0, 0, 0, 0, 0, 13, 81
"/Users/adamspice/projects/spiceydev/libs/orders/src/lib/services/orders.service.ts", "TypeScript", 74, 0, 0, 0, 0, 0, 0, 0, 0, 15, 89
"/Users/adamspice/projects/spiceydev/libs/orders/src/test-setup.ts", "TypeScript", 1, 0, 0, 0, 0, 0, 0, 0, 0, 1, 2
"/Users/adamspice/projects/spiceydev/libs/orders/tsconfig.json", "JSON", 0, 13, 0, 0, 0, 0, 0, 0, 0, 1, 14
"/Users/adamspice/projects/spiceydev/libs/orders/tsconfig.lib.json", "JSON", 0, 19, 0, 0, 0, 0, 0, 0, 0, 1, 20
"/Users/adamspice/projects/spiceydev/libs/orders/tsconfig.spec.json", "JSON", 0, 10, 0, 0, 0, 0, 0, 0, 0, 1, 11
"/Users/adamspice/projects/spiceydev/libs/products/.eslintrc.json", "JSON", 0, 3, 0, 0, 0, 0, 0, 0, 37, 0, 40
"/Users/adamspice/projects/spiceydev/libs/products/README.md", "Markdown", 0, 0, 0, 0, 0, 4, 0, 0, 0, 4, 8
"/Users/adamspice/projects/spiceydev/libs/products/jest.config.js", "JavaScript", 0, 0, 0, 0, 23, 0, 0, 0, 0, 1, 24
"/Users/adamspice/projects/spiceydev/libs/products/src/index.ts", "TypeScript", 5, 0, 0, 0, 0, 0, 0, 0, 0, 1, 6
"/Users/adamspice/projects/spiceydev/libs/products/src/lib/components/categories-banner/categories-banner.component.html", "HTML", 0, 0, 0, 13, 0, 0, 0, 0, 0, 1, 14
"/Users/adamspice/projects/spiceydev/libs/products/src/lib/components/categories-banner/categories-banner.component.ts", "TypeScript", 27, 0, 0, 0, 0, 0, 0, 0, 0, 5, 32
"/Users/adamspice/projects/spiceydev/libs/products/src/lib/components/featured-products/featured-products.component.html", "HTML", 0, 0, 0, 8, 0, 0, 0, 0, 0, 1, 9
"/Users/adamspice/projects/spiceydev/libs/products/src/lib/components/featured-products/featured-products.component.ts", "TypeScript", 30, 0, 0, 0, 0, 0, 0, 0, 0, 6, 36
"/Users/adamspice/projects/spiceydev/libs/products/src/lib/components/product-item/product-item.component.html", "HTML", 0, 0, 0, 15, 0, 0, 0, 0, 0, 1, 16
"/Users/adamspice/projects/spiceydev/libs/products/src/lib/components/product-item/product-item.component.ts", "TypeScript", 21, 0, 0, 0, 0, 0, 0, 0, 0, 5, 26
"/Users/adamspice/projects/spiceydev/libs/products/src/lib/components/products-search/products-search.component.html", "HTML", 0, 0, 0, 10, 0, 0, 0, 0, 0, 1, 11
"/Users/adamspice/projects/spiceydev/libs/products/src/lib/components/products-search/products-search.component.ts", "TypeScript", 12, 0, 0, 0, 0, 0, 0, 0, 0, 5, 17
"/Users/adamspice/projects/spiceydev/libs/products/src/lib/models/category.ts", "TypeScript", 7, 0, 0, 0, 0, 0, 0, 0, 0, 1, 8
"/Users/adamspice/projects/spiceydev/libs/products/src/lib/models/product.ts", "TypeScript", 18, 0, 0, 0, 0, 0, 0, 0, 0, 2, 20
"/Users/adamspice/projects/spiceydev/libs/products/src/lib/pages/product-page/product-page.component.html", "HTML", 0, 0, 0, 41, 0, 0, 0, 0, 0, 3, 44
"/Users/adamspice/projects/spiceydev/libs/products/src/lib/pages/product-page/product-page.component.ts", "TypeScript", 48, 0, 0, 0, 0, 0, 0, 0, 0, 8, 56
"/Users/adamspice/projects/spiceydev/libs/products/src/lib/pages/products-list/products-list.component.html", "HTML", 0, 0, 0, 19, 0, 0, 0, 0, 0, 1, 20
"/Users/adamspice/projects/spiceydev/libs/products/src/lib/pages/products-list/products-list.component.ts", "TypeScript", 44, 0, 0, 0, 0, 0, 0, 0, 0, 8, 52
"/Users/adamspice/projects/spiceydev/libs/products/src/lib/products.module.ts", "TypeScript", 60, 0, 0, 0, 0, 0, 0, 0, 0, 2, 62
"/Users/adamspice/projects/spiceydev/libs/products/src/lib/services/categories.service.ts", "TypeScript", 32, 0, 0, 0, 0, 0, 0, 0, 0, 8, 40
"/Users/adamspice/projects/spiceydev/libs/products/src/lib/services/products.service.ts", "TypeScript", 51, 0, 0, 0, 0, 0, 0, 0, 0, 10, 61
"/Users/adamspice/projects/spiceydev/libs/products/src/test-setup.ts", "TypeScript", 1, 0, 0, 0, 0, 0, 0, 0, 0, 1, 2
"/Users/adamspice/projects/spiceydev/libs/products/tsconfig.json", "JSON", 0, 13, 0, 0, 0, 0, 0, 0, 0, 1, 14
"/Users/adamspice/projects/spiceydev/libs/products/tsconfig.lib.json", "JSON", 0, 19, 0, 0, 0, 0, 0, 0, 0, 1, 20
"/Users/adamspice/projects/spiceydev/libs/products/tsconfig.spec.json", "JSON", 0, 10, 0, 0, 0, 0, 0, 0, 0, 1, 11
"/Users/adamspice/projects/spiceydev/libs/ui/.eslintrc.json", "JSON", 0, 3, 0, 0, 0, 0, 0, 0, 37, 0, 40
"/Users/adamspice/projects/spiceydev/libs/ui/README.md", "Markdown", 0, 0, 0, 0, 0, 4, 0, 0, 0, 4, 8
"/Users/adamspice/projects/spiceydev/libs/ui/jest.config.js", "JavaScript", 0, 0, 0, 0, 23, 0, 0, 0, 0, 1, 24
"/Users/adamspice/projects/spiceydev/libs/ui/src/index.ts", "TypeScript", 1, 0, 0, 0, 0, 0, 0, 0, 0, 1, 2
"/Users/adamspice/projects/spiceydev/libs/ui/src/lib/components/banner/banner.component.html", "HTML", 0, 0, 0, 13, 0, 0, 0, 0, 0, 1, 14
"/Users/adamspice/projects/spiceydev/libs/ui/src/lib/components/banner/banner.component.ts", "TypeScript", 9, 0, 0, 0, 0, 0, 0, 0, 0, 2, 11
"/Users/adamspice/projects/spiceydev/libs/ui/src/lib/components/gallery/gallery.component.html", "HTML", 0, 0, 0, 14, 0, 0, 0, 0, 0, 1, 15
"/Users/adamspice/projects/spiceydev/libs/ui/src/lib/components/gallery/gallery.component.ts", "TypeScript", 21, 0, 0, 0, 0, 0, 0, 0, 0, 6, 27
"/Users/adamspice/projects/spiceydev/libs/ui/src/lib/ui.module.ts", "TypeScript", 11, 0, 0, 0, 0, 0, 0, 0, 0, 1, 12
"/Users/adamspice/projects/spiceydev/libs/ui/src/test-setup.ts", "TypeScript", 1, 0, 0, 0, 0, 0, 0, 0, 0, 1, 2
"/Users/adamspice/projects/spiceydev/libs/ui/tsconfig.json", "JSON", 0, 13, 0, 0, 0, 0, 0, 0, 0, 1, 14
"/Users/adamspice/projects/spiceydev/libs/ui/tsconfig.lib.json", "JSON", 0, 19, 0, 0, 0, 0, 0, 0, 0, 1, 20
"/Users/adamspice/projects/spiceydev/libs/ui/tsconfig.spec.json", "JSON", 0, 10, 0, 0, 0, 0, 0, 0, 0, 1, 11
"/Users/adamspice/projects/spiceydev/libs/users/.eslintrc.json", "JSON", 0, 3, 0, 0, 0, 0, 0, 0, 37, 0, 40
"/Users/adamspice/projects/spiceydev/libs/users/README.md", "Markdown", 0, 0, 0, 0, 0, 4, 0, 0, 0, 4, 8
"/Users/adamspice/projects/spiceydev/libs/users/jest.config.js", "JavaScript", 0, 0, 0, 0, 23, 0, 0, 0, 0, 1, 24
"/Users/adamspice/projects/spiceydev/libs/users/src/index.ts", "TypeScript", 11, 0, 0, 0, 0, 0, 0, 0, 0, 1, 12
"/Users/adamspice/projects/spiceydev/libs/users/src/lib/models/user.ts", "TypeScript", 14, 0, 0, 0, 0, 0, 0, 0, 0, 1, 15
"/Users/adamspice/projects/spiceydev/libs/users/src/lib/pages/login/login.component.html", "HTML", 0, 0, 0, 40, 0, 0, 0, 0, 0, 1, 41
"/Users/adamspice/projects/spiceydev/libs/users/src/lib/pages/login/login.component.ts", "TypeScript", 52, 0, 0, 0, 0, 0, 0, 0, 0, 9, 61
"/Users/adamspice/projects/spiceydev/libs/users/src/lib/services/auth-guard.service.ts", "TypeScript", 21, 0, 0, 0, 0, 0, 0, 0, 0, 6, 27
"/Users/adamspice/projects/spiceydev/libs/users/src/lib/services/auth.service.ts", "TypeScript", 28, 0, 0, 0, 0, 0, 0, 0, 0, 5, 33
"/Users/adamspice/projects/spiceydev/libs/users/src/lib/services/jwt.interceptor.ts", "TypeScript", 29, 0, 0, 0, 0, 0, 0, 0, 0, 5, 34
"/Users/adamspice/projects/spiceydev/libs/users/src/lib/services/localstorage.service.ts", "TypeScript", 41, 0, 0, 0, 0, 0, 0, 0, 0, 8, 49
"/Users/adamspice/projects/spiceydev/libs/users/src/lib/services/users.service.ts", "TypeScript", 62, 0, 0, 0, 0, 0, 0, 0, 0, 14, 76
"/Users/adamspice/projects/spiceydev/libs/users/src/lib/state/users.actions.ts", "TypeScript", 8, 0, 0, 0, 0, 0, 0, 0, 0, 4, 12
"/Users/adamspice/projects/spiceydev/libs/users/src/lib/state/users.effects.spec.ts", "TypeScript", 31, 0, 0, 0, 0, 0, 0, 0, 0, 11, 42
"/Users/adamspice/projects/spiceydev/libs/users/src/lib/state/users.effects.ts", "TypeScript", 39, 0, 0, 0, 0, 0, 0, 0, 0, 4, 43
"/Users/adamspice/projects/spiceydev/libs/users/src/lib/state/users.facade.spec.ts", "TypeScript", 85, 0, 0, 0, 0, 0, 0, 0, 6, 23, 114
"/Users/adamspice/projects/spiceydev/libs/users/src/lib/state/users.facade.ts", "TypeScript", 13, 0, 0, 0, 0, 0, 0, 0, 0, 6, 19
"/Users/adamspice/projects/spiceydev/libs/users/src/lib/state/users.models.ts", "TypeScript", 3, 0, 0, 0, 0, 0, 0, 0, 3, 1, 7
"/Users/adamspice/projects/spiceydev/libs/users/src/lib/state/users.reducer.spec.ts", "TypeScript", 27, 0, 0, 0, 0, 0, 0, 0, 0, 9, 36
"/Users/adamspice/projects/spiceydev/libs/users/src/lib/state/users.reducer.ts", "TypeScript", 32, 0, 0, 0, 0, 0, 0, 0, 0, 8, 40
"/Users/adamspice/projects/spiceydev/libs/users/src/lib/state/users.selectors.spec.ts", "TypeScript", 51, 0, 0, 0, 0, 0, 0, 0, 0, 12, 63
"/Users/adamspice/projects/spiceydev/libs/users/src/lib/state/users.selectors.ts", "TypeScript", 7, 0, 0, 0, 0, 0, 0, 0, 1, 4, 12
"/Users/adamspice/projects/spiceydev/libs/users/src/lib/users.module.ts", "TypeScript", 33, 0, 0, 0, 0, 0, 0, 0, 0, 3, 36
"/Users/adamspice/projects/spiceydev/libs/users/src/test-setup.ts", "TypeScript", 1, 0, 0, 0, 0, 0, 0, 0, 0, 1, 2
"/Users/adamspice/projects/spiceydev/libs/users/tsconfig.json", "JSON", 0, 13, 0, 0, 0, 0, 0, 0, 0, 1, 14
"/Users/adamspice/projects/spiceydev/libs/users/tsconfig.lib.json", "JSON", 0, 19, 0, 0, 0, 0, 0, 0, 0, 1, 20
"/Users/adamspice/projects/spiceydev/libs/users/tsconfig.spec.json", "JSON", 0, 10, 0, 0, 0, 0, 0, 0, 0, 1, 11
"/Users/adamspice/projects/spiceydev/nx.json", "JSON", 0, 57, 0, 0, 0, 0, 0, 0, 0, 1, 58
"/Users/adamspice/projects/spiceydev/package-lock.json", "JSON", 0, 38284, 0, 0, 0, 0, 0, 0, 0, 1, 38285
"/Users/adamspice/projects/spiceydev/package.json", "JSON", 0, 74, 0, 0, 0, 0, 0, 0, 0, 1, 75
"/Users/adamspice/projects/spiceydev/styles/admin.scss", "SCSS", 0, 0, 12, 0, 0, 0, 0, 0, 4, 5, 21
"/Users/adamspice/projects/spiceydev/styles/apps/admin/dashboard.scss", "SCSS", 0, 0, 33, 0, 0, 0, 0, 0, 0, 8, 41
"/Users/adamspice/projects/spiceydev/styles/apps/admin/shell.scss", "SCSS", 0, 0, 56, 0, 0, 0, 0, 0, 0, 12, 68
"/Users/adamspice/projects/spiceydev/styles/apps/shop/pages/home-page.scss", "SCSS", 0, 0, 0, 0, 0, 0, 0, 0, 0, 1, 1
"/Users/adamspice/projects/spiceydev/styles/apps/shop/pages/products-list-page.scss", "SCSS", 0, 0, 0, 0, 0, 0, 0, 0, 0, 1, 1
"/Users/adamspice/projects/spiceydev/styles/apps/shop/shared/footer.scss", "SCSS", 0, 0, 17, 0, 0, 0, 0, 0, 0, 3, 20
"/Users/adamspice/projects/spiceydev/styles/apps/shop/shared/header.scss", "SCSS", 0, 0, 21, 0, 0, 0, 0, 0, 0, 5, 26
"/Users/adamspice/projects/spiceydev/styles/apps/shop/shared/nav.scss", "SCSS", 0, 0, 14, 0, 0, 0, 0, 0, 0, 2, 16
"/Users/adamspice/projects/spiceydev/styles/base/colors.scss", "SCSS", 0, 0, 2, 0, 0, 0, 0, 0, 0, 1, 3
"/Users/adamspice/projects/spiceydev/styles/base/configuration.scss", "SCSS", 0, 0, 8, 0, 0, 0, 0, 0, 0, 2, 10
"/Users/adamspice/projects/spiceydev/styles/base/fonts.scss", "SCSS", 0, 0, 1, 0, 0, 0, 0, 0, 0, 1, 2
"/Users/adamspice/projects/spiceydev/styles/base/mixins.scss", "SCSS", 0, 0, 5, 0, 0, 0, 0, 0, 0, 1, 6
"/Users/adamspice/projects/spiceydev/styles/libs/orders/cart.scss", "SCSS", 0, 0, 54, 0, 0, 0, 0, 0, 0, 9, 63
"/Users/adamspice/projects/spiceydev/styles/libs/orders/checkout.scss", "SCSS", 0, 0, 21, 0, 0, 0, 0, 0, 0, 4, 25
"/Users/adamspice/projects/spiceydev/styles/libs/orders/order-summary.scss", "SCSS", 0, 0, 32, 0, 0, 0, 0, 0, 0, 6, 38
"/Users/adamspice/projects/spiceydev/styles/libs/orders/orders.scss", "SCSS", 0, 0, 3, 0, 0, 0, 0, 0, 0, 1, 4
"/Users/adamspice/projects/spiceydev/styles/libs/products/categories-banner.scss", "SCSS", 0, 0, 27, 0, 0, 0, 0, 0, 0, 4, 31
"/Users/adamspice/projects/spiceydev/styles/libs/products/featured-products.scss", "SCSS", 0, 0, 6, 0, 0, 0, 0, 0, 0, 1, 7
"/Users/adamspice/projects/spiceydev/styles/libs/products/product-item.scss", "SCSS", 0, 0, 40, 0, 0, 0, 0, 0, 0, 6, 46
"/Users/adamspice/projects/spiceydev/styles/libs/products/product-page.scss", "SCSS", 0, 0, 43, 0, 0, 0, 0, 0, 0, 10, 53
"/Users/adamspice/projects/spiceydev/styles/libs/products/products-search.scss", "SCSS", 0, 0, 25, 0, 0, 0, 0, 0, 0, 4, 29
"/Users/adamspice/projects/spiceydev/styles/libs/products/products.scss", "SCSS", 0, 0, 5, 0, 0, 0, 0, 0, 0, 1, 6
"/Users/adamspice/projects/spiceydev/styles/libs/ui/banner.scss", "SCSS", 0, 0, 39, 0, 0, 0, 0, 0, 0, 8, 47
"/Users/adamspice/projects/spiceydev/styles/libs/ui/gallery.scss", "SCSS", 0, 0, 26, 0, 0, 0, 0, 0, 0, 2, 28
"/Users/adamspice/projects/spiceydev/styles/libs/ui/ui.scss", "SCSS", 0, 0, 2, 0, 0, 0, 0, 0, 0, 1, 3
"/Users/adamspice/projects/spiceydev/styles/libs/users/login-register.scss", "SCSS", 0, 0, 15, 0, 0, 0, 0, 0, 0, 2, 17
"/Users/adamspice/projects/spiceydev/styles/libs/users/users.scss", "SCSS", 0, 0, 1, 0, 0, 0, 0, 0, 0, 1, 2
"/Users/adamspice/projects/spiceydev/styles/ngshop.scss", "SCSS", 0, 0, 25, 0, 0, 0, 0, 0, 5, 7, 37
"/Users/adamspice/projects/spiceydev/tools/tsconfig.tools.json", "JSON", 0, 11, 0, 0, 0, 0, 0, 0, 2, 0, 13
"/Users/adamspice/projects/spiceydev/tsconfig.base.json", "JSON", 0, 19, 0, 0, 0, 0, 0, 0, 9, 0, 28
"Total", "-", 2863, 39218, 535, 958, 187, 71, 170, 2, 614, 748, 45366